{
  "countries": [
    {
      "country_id": "AFG",
      "name": "Afghanistan",
      "capital": "Kabul",
      "language": "Pashto",
      "flag": "",
      "country_shape": ""
    },
    {
      "country_id": "ALB",
      "name": "Albania",
      "capital": "Tirana",
      "language": "Albanian",
      "flag": "",
      "country_shape": ""
    },
    {
      "country_id": "DZA",
      "name": "Algeria",
      "capital": "Algiers",
      "language": "Arabic",
      "flag": "",
      "country_shape": ""
    },
    {
      "country_id": "AND",
      "name": "Andorra",
      "capital": "Andorra la Vella",
      "language": "Catalan",
      "flag": "",
      "country_shape": ""
    },
    {
      "country_id": "AGO",
      "name": "Angola",
      "capital": "Luanda",
      "language": "Portuguese",
      "flag": "",
      "country_shape": ""
    },
    {
      "country_id": "ATG",
      "name": "Antigua and Barbuda",
      "capital": "Saint John's",
      "language": "English",
      "flag": "",
      "country_shape": ""
    },
    {
      "country_id": "ARM",
      "name": "Armenia",
      "capital": "Yerevan",
      "language": "Armenian",
      "flag": "",
      "country_shape": ""
    },
    {
      "country_id": "AUS",
      "name": "Australia",
      "capital": "Canberra",
      "language": "English",
      "flag": "",
      "country_shape": ""
    },
    {
      "country_id": "AUT",
      "name": "Austria",
      "capital": "Vienna",
      "language": "German",
      "flag": "",
      "country_shape": ""
    },
    {
      "country_id": "AZE",
      "name": "Azerbaijan",
      "capital": "Baku",
      "language": "Azerbaijani",
      "flag": "",
      "country_shape": ""
    },
    {
      "country_id": "BHS",
      "name": "Bahamas",
      "capital": "Nassau",
      "language": "English",
      "flag": "",
      "country_shape": ""
    },
    {
      "country_id": "BHR",
      "name": "Bahrain",
      "capital": "Manama",
      "language": "Arabic",
      "flag": "",
      "country_shape": ""
    },
    {
      "country_id": "BGD",
      "name": "Bangladesh",
      "capital": "Dhaka",
      "language": "Bengali",
      "flag": "",
      "country_shape": ""
    },
    {
      "country_id": "BRB",
      "name": "Barbados",
      "capital": "Bridgetown",
      "language": "English",
      "flag": "",
      "country_shape": ""
    },
    {
      "country_id": "BLR",
      "name": "Belarus",
      "capital": "Minsk",
      "language": "Belarusian",
      "flag": "",
      "country_shape": ""
    },
    {
      "country_id": "BEL",
      "name": "Belgium",
      "capital": "Brussels",
      "language": "Dutch",
      "flag": "",
      "country_shape": ""
    },
    {
      "country_id": "BLZ",
      "name": "Belize",
      "capital": "Belmopan",
      "language": "English",
      "flag": "",
      "country_shape": ""
    },
    {
      "country_id": "BEN",
      "name": "Benin",
      "capital": "Porto-Novo",
      "language": "French",
      "flag": "",
      "country_shape": ""
    },
    {
      "country_id": "BTN",
      "name": "Bhutan",
      "capital": "Thimphu",
      "language": "Dzongkha",
      "flag": "",
      "country_shape": ""
    },
    {
      "country_id": "BOL",
      "name": "Bolivia",
      "capital": "Sucre",
      "language": "Spanish",
      "flag": "",
      "country_shape": ""
    },
    {
      "country_id": "BIH",
      "name": "Bosnia and Herzegovina",
      "capital": "Sarajevo",
      "language": "Bosnian",
      "flag": "",
      "country_shape": ""
    },
    {
      "country_id": "BWA",
      "name": "Botswana",
      "capital": "Gaborone",
      "language": "English",
      "flag": "",
      "country_shape": ""
    },
    {
      "country_id": "BRA",
      "name": "Brazil",
      "capital": "Brasilia",
      "language": "Portuguese",
      "flag": "",
      "country_shape": ""
    },
    {
      "country_id": "BRN",
      "name": "Brunei",
      "capital": "Bandar Seri Begawan",
      "language": "Malay",
      "flag": "",
      "country_shape": ""
    },
    {
      "country_id": "BGR",
      "name": "Bulgaria",
      "capital": "Sofia",
      "language": "Bulgarian",
      "flag": "",
      "country_shape": ""
    },
    {
      "country_id": "BFA",
      "name": "Burkina Faso",
      "capital": "Ouagadougou",
      "language": "French",
      "flag": "",
      "country_shape": ""
    },
    {
      "country_id": "BDI",
      "name": "Burundi",
      "capital": "Gitega",
      "language": "Kirundi",
      "flag": "",
      "country_shape": ""
    },
    {
      "country_id": "CPV",
      "name": "Cape Verde",
      "capital": "Praia",
      "language": "Portuguese",
      "flag": "",
      "country_shape": ""
    },
    {
      "country_id": "KHM",
      "name": "Cambodia",
      "capital": "Phnom Penh",
      "language": "Khmer",
      "flag": "",
      "country_shape": ""
    },
    {
      "country_id": "CMR",
      "name": "Cameroon",
      "capital": "Yaounde",
      "language": "French",
      "flag": "",
      "country_shape": ""
    },
    {
      "country_id": "CAN",
      "name": "Canada",
      "capital": "Ottawa",
      "language": "English",
      "flag": "",
      "country_shape": ""
    },
    {
      "country_id": "CAF",
      "name": "Central African Republic",
      "capital": "Bangui",
      "language": "French",
      "flag": "",
      "country_shape": ""
    },
    {
      "country_id": "TCD",
      "name": "Chad",
      "capital": "N'Djamena",
      "language": "French",
      "flag": "",
      "country_shape": ""
    },
    {
      "country_id": "CHL",
      "name": "Chile",
      "capital": "Santiago",
      "language": "Spanish",
      "flag": "",
      "country_shape": ""
    },
    {
      "country_id": "CHN",
      "name": "China",
      "capital": "Beijing",
      "language": "Mandarin",
      "flag": "",
      "country_shape": ""
    },
    {
      "country_id": "COL",
      "name": "Colombia",
      "capital": "Bogota",
      "language": "Spanish",
      "flag": "",
      "country_shape": ""
    },
    {
      "country_id": "COM",
      "name": "Comoros",
      "capital": "Moroni",
      "language": "Comorian",
      "flag": "",
      "country_shape": ""
    },
    {
      "country_id": "COD",
      "name": "Democratic Republic of the Congo",
      "capital": "Kinshasa",
      "language": "French",
      "flag": "",
      "country_shape": ""
    },
    {
      "country_id": "COG",
      "name": "Republic of the Congo",
      "capital": "Brazzaville",
      "language": "French",
      "flag": "",
      "country_shape": ""
    },
    {
      "country_id": "CRI",
      "name": "Costa Rica",
      "capital": "San Jose",
      "language": "Spanish",
      "flag": "",
      "country_shape": ""
    },
    {
      "country_id": "HRV",
      "name": "Croatia",
      "capital": "Zagreb",
      "language": "Croatian",
      "flag": "",
      "country_shape": ""
    },
    {
      "country_id": "CUB",
      "name": "Cuba",
      "capital": "Havana",
      "language": "Spanish",
      "flag": "",
      "country_shape": ""
    },
    {
      "country_id": "CYP",
      "name": "Cyprus",
      "capital": "Nicosia",
      "language": "Greek",
      "flag": "",
      "country_shape": ""
    },
    {
      "country_id": "CZE",
      "name": "Czech Republic",
      "capital": "Prague",
      "language": "Czech",
      "flag": "",
      "country_shape": ""
    },
    {
      "country_id": "DNK",
      "name": "Denmark",
      "capital": "Copenhagen",
      "language": "Danish",
      "flag": "",
      "country_shape": ""
    },
    {
      "country_id": "DJI",
      "name": "Djibouti",
      "capital": "Djibouti",
      "language": "French",
      "flag": "",
      "country_shape": ""
    },
    {
      "country_id": "DMA",
      "name": "Dominica",
      "capital": "Roseau",
      "language": "English",
      "flag": "",
      "country_shape": ""
    },
    {
      "country_id": "DOM",
      "name": "Dominican Republic",
      "capital": "Santo Domingo",
      "language": "Spanish",
      "flag": "",
      "country_shape": ""
    },
    {
      "country_id": "TLS",
      "name": "East Timor",
      "capital": "Dili",
      "language": "Tetum",
      "flag": "",
      "country_shape": ""
    },
    {
      "country_id": "ECU",
      "name": "Ecuador",
      "capital": "Quito",
      "language": "Spanish",
      "flag": "",
      "country_shape": ""
    },
    {
      "country_id": "EGY",
      "name": "Egypt",
      "capital": "Cairo",
      "language": "Arabic",
      "flag": "",
      "country_shape": ""
    },
    {
      "country_id": "SLV",
      "name": "El Salvador",
      "capital": "San Salvador",
      "language": "Spanish",
      "flag": "",
      "country_shape": ""
    },
    {
      "country_id": "GNQ",
      "name": "Equatorial Guinea",
      "capital": "Malabo",
      "language": "Spanish",
      "flag": "",
      "country_shape": ""
    },
    {
      "country_id": "ERI",
      "name": "Eritrea",
      "capital": "Asmara",
      "language": "Tigrinya",
      "flag": "",
      "country_shape": ""
    },
    {
      "country_id": "EST",
      "name": "Estonia",
      "capital": "Tallinn",
      "language": "Estonian",
      "flag": "",
      "country_shape": ""
    },
    {
      "country_id": "SWZ",
      "name": "Eswatini",
      "capital": "Mbabane",
      "language": "Swazi",
      "flag": "",
      "country_shape": ""
    },
    {
      "country_id": "ETH",
      "name": "Ethiopia",
      "capital": "Addis Ababa",
      "language": "Amharic",
      "flag": "",
      "country_shape": ""
    },
    {
      "country_id": "FJI",
      "name": "Fiji",
      "capital": "Suva",
      "language": "Fijian",
      "flag": "",
      "country_shape": ""
    },
    {
      "country_id": "FIN",
      "name": "Finland",
      "capital": "Helsinki",
      "language": "Finnish",
      "flag": "",
      "country_shape": ""
    },
    {
      "country_id": "FRA",
      "name": "France",
      "capital": "Paris",
      "language": "French",
      "flag": "",
      "country_shape": ""
    },
    {
      "country_id": "GAB",
      "name": "Gabon",
      "capital": "Libreville",
      "language": "French",
      "flag": "",
      "country_shape": ""
    },
    {
      "country_id": "GMB",
      "name": "Gambia",
      "capital": "Banjul",
      "language": "English",
      "flag": "",
      "country_shape": ""
    },
    {
      "country_id": "GEO",
      "name": "Georgia",
      "capital": "Tbilisi",
      "language": "Georgian",
      "flag": "",
      "country_shape": ""
    },
    {
      "country_id": "DEU",
      "name": "Germany",
      "capital": "Berlin",
      "language": "German",
      "flag": "",
      "country_shape": ""
    },
    {
      "country_id": "GHA",
      "name": "Ghana",
      "capital": "Accra",
      "language": "English",
      "flag": "",
      "country_shape": ""
    },
    {
      "country_id": "GRC",
      "name": "Greece",
      "capital": "Athens",
      "language": "Greek",
      "flag": "",
      "country_shape": ""
    },
    {
      "country_id": "GRD",
      "name": "Grenada",
      "capital": "Saint George's",
      "language": "English",
      "flag": "",
      "country_shape": ""
    },
    {
      "country_id": "GTM",
      "name": "Guatemala",
      "capital": "Guatemala City",
      "language": "Spanish",
      "flag": "",
      "country_shape": ""
    },
    {
      "country_id": "GIN",
      "name": "Guinea",
      "capital": "Conakry",
      "language": "French",
      "flag": "",
      "country_shape": ""
    },
    {
      "country_id": "GUY",
      "name": "Guyana",
      "capital": "Georgetown",
      "language": "English",
      "flag": "",
      "country_shape": ""
    },
    {
      "country_id": "HND",
      "name": "Honduras",
      "capital": "Tegucigalpa",
      "language": "Spanish",
      "flag": "",
      "country_shape": ""
    },
    {
      "country_id": "HUN",
      "name": "Hungary",
      "capital": "Budapest",
      "language": "Hungarian",
      "flag": "",
      "country_shape": ""
    },
    {
      "country_id": "ISL",
      "name": "Iceland",
      "capital": "Reykjavik",
      "language": "Icelandic",
      "flag": "",
      "country_shape": ""
    },
    {
      "country_id": "IND",
      "name": "India",
      "capital": "New Delhi",
      "language": "Hindi",
      "flag": "",
      "country_shape": ""
    },
    {
      "country_id": "IDN",
      "name": "Indonesia",
      "capital": "Jakarta",
      "language": "Indonesian",
      "flag": "",
      "country_shape": ""
    },
    {
      "country_id": "IRN",
      "name": "Iran",
      "capital": "Tehran",
      "language": "Persian",
      "flag": "",
      "country_shape": ""
    },
    {
      "country_id": "IRQ",
      "name": "Iraq",
      "capital": "Baghdad",
      "language": "Arabic",
      "flag": "",
      "country_shape": ""
    },
    {
      "country_id": "IRL",
      "name": "Ireland",
      "capital": "Dublin",
      "language": "Irish",
      "flag": "",
      "country_shape": ""
    },
    {
      "country_id": "ISR",
      "name": "Israel",
      "capital": "Jerusalem",
      "language": "Hebrew",
      "flag": "",
      "country_shape": ""
    },
    {
      "country_id": "ITA",
      "name": "Italy",
      "capital": "Rome",
      "language": "Italian",
      "flag": "",
      "country_shape": ""
    },
    {
      "country_id": "JAM",
      "name": "Jamaica",
      "capital": "Kingston",
      "language": "English",
      "flag": "",
      "country_shape": ""
    },
    {
      "country_id": "JPN",
      "name": "Japan",
      "capital": "Tokyo",
      "language": "Japanese",
      "flag": "",
      "country_shape": ""
    },
    {
      "country_id": "JOR",
      "name": "Jordan",
      "capital": "Amman",
      "language": "Arabic",
      "flag": "",
      "country_shape": ""
    },
    {
      "country_id": "KAZ",
      "name": "Kazakhstan",
      "capital": "Nur-Sultan",
      "language": "Kazakh",
      "flag": "",
      "country_shape": ""
    },
    {
      "country_id": "KEN",
      "name": "Kenya",
      "capital": "Nairobi",
      "language": "Swahili",
      "flag": "",
      "country_shape": ""
    },
    {
      "country_id": "KIR",
      "name": "Kiribati",
      "capital": "Tarawa",
      "language": "English",
      "flag": "",
      "country_shape": ""
    },
    {
      "country_id": "KWT",
      "name": "Kuwait",
      "capital": "Kuwait City",
      "language": "Arabic",
      "flag": "",
      "country_shape": ""
    },
    {
      "country_id": "KGZ",
      "name": "Kyrgyzstan",
      "capital": "Bishkek",
      "language": "Kyrgyz",
      "flag": "",
      "country_shape": ""
    },
    {
      "country_id": "LAO",
      "name": "Laos",
      "capital": "Vientiane",
      "language": "Lao",
      "flag": "",
      "country_shape": ""
    },
    {
      "country_id": "LVA",
      "name": "Latvia",
      "capital": "Riga",
      "language": "Latvian",
      "flag": "",
      "country_shape": ""
    },
    {
      "country_id": "LBN",
      "name": "Lebanon",
      "capital": "Beirut",
      "language": "Arabic",
      "flag": "",
      "country_shape": ""
    },
    {
      "country_id": "LSO",
      "name": "Lesotho",
      "capital": "Maseru",
      "language": "Sesotho",
      "flag": "",
      "country_shape": ""
    },
    {
      "country_id": "LBR",
      "name": "Liberia",
      "capital": "Monrovia",
      "language": "English",
      "flag": "",
      "country_shape": ""
    },
    {
      "country_id": "LBY",
      "name": "Libya",
      "capital": "Tripoli",
      "language": "Arabic",
      "flag": "",
      "country_shape": ""
    },
    {
      "country_id": "LIE",
      "name": "Liechtenstein",
      "capital": "Vaduz",
      "language": "German",
      "flag": "",
      "country_shape": ""
    },
    {
      "country_id": "LTU",
      "name": "Lithuania",
      "capital": "Vilnius",
      "language": "Lithuanian",
      "flag": "",
      "country_shape": ""
    },
    {
      "country_id": "LUX",
      "name": "Luxembourg",
      "capital": "Luxembourg City",
      "language": "Luxembourgish",
      "flag": "",
      "country_shape": ""
    },
    {
      "country_id": "MDG",
      "name": "Madagascar",
      "capital": "Antananarivo",
      "language": "Malagasy",
      "flag": "",
      "country_shape": ""
    },
    {
      "country_id": "MWI",
      "name": "Malawi",
      "capital": "Lilongwe",
      "language": "Chichewa",
      "flag": "",
      "country_shape": ""
    },
    {
      "country_id": "MYS",
      "name": "Malaysia",
      "capital": "Kuala Lumpur",
      "language": "Malay",
      "flag": "",
      "country_shape": ""
    },
    {
      "country_id": "MLT",
      "name": "Malta",
      "capital": "Valletta",
      "language": "Maltese",
      "flag": "",
      "country_shape": ""
    },
    {
      "country_id": "MRT",
      "name": "Mauritania",
      "capital": "Nouakchott",
      "language": "Arabic",
      "flag": "",
      "country_shape": ""
    },
    {
      "country_id": "MUS",
      "name": "Mauritius",
      "capital": "Port Louis",
      "language": "English",
      "flag": "",
      "country_shape": ""
    },
    {
      "country_id": "MEX",
      "name": "Mexico",
      "capital": "Mexico City",
      "language": "Spanish",
      "flag": "",
      "country_shape": ""
    },
    {
      "country_id": "FSM",
      "name": "Micronesia",
      "capital": "Palikir",
      "language": "English",
      "flag": "",
      "country_shape": ""
    },
    {
      "country_id": "MDA",
      "name": "Moldova",
      "capital": "Chisinau",
      "language": "Romanian",
      "flag": "",
      "country_shape": ""
    },
    {
      "country_id": "MCO",
      "name": "Monaco",
      "capital": "Monaco",
      "language": "French",
      "flag": "",
      "country_shape": ""
    },
    {
      "country_id": "MNG",
      "name": "Mongolia",
      "capital": "Ulaanbaatar",
      "language": "Mongolian",
      "flag": "",
      "country_shape": ""
    },
    {
      "country_id": "MNE",
      "name": "Montenegro",
      "capital": "Podgorica",
      "language": "Montenegrin",
      "flag": "",
      "country_shape": ""
    },
    {
      "country_id": "MAR",
      "name": "Morocco",
      "capital": "Rabat",
      "language": "Arabic",
      "flag": "",
      "country_shape": ""
    },
    {
      "country_id": "MOZ",
      "name": "Mozambique",
      "capital": "Maputo",
      "language": "Portuguese",
      "flag": "",
      "country_shape": ""
    },
    {
      "country_id": "MMR",
      "name": "Myanmar",
      "capital": "Naypyidaw",
      "language": "Burmese",
      "flag": "",
      "country_shape": ""
    },
    {
      "country_id": "NAM",
      "name": "Namibia",
      "capital": "Windhoek",
      "language": "English",
      "flag": "",
      "country_shape": ""
    },
    {
      "country_id": "NRU",
      "name": "Nauru",
      "capital": "Yaren",
      "language": "Nauruan",
      "flag": "",
      "country_shape": ""
    },
    {
      "country_id": "NPL",
      "name": "Nepal",
      "capital": "Kathmandu",
      "language": "Nepali",
      "flag": "",
      "country_shape": ""
    },
    {
      "country_id": "NLD",
      "name": "Netherlands",
      "capital": "Amsterdam",
      "language": "Dutch",
      "flag": "",
      "country_shape": ""
    },
    {
      "country_id": "NZL",
      "name": "New Zealand",
      "capital": "Wellington",
      "language": "English",
      "flag": "",
      "country_shape": ""
    },
    {
      "country_id": "NIC",
      "name": "Nicaragua",
      "capital": "Managua",
      "language": "Spanish",
      "flag": "",
      "country_shape": ""
    },
    {
      "country_id": "NER",
      "name": "Niger",
      "capital": "Niamey",
      "language": "French",
      "flag": "",
      "country_shape": ""
    },
    {
      "country_id": "NGA",
      "name": "Nigeria",
      "capital": "Abuja",
      "language": "English",
      "flag": "",
      "country_shape": ""
    },
    {
      "country_id": "MKD",
      "name": "North Macedonia",
      "capital": "Skopje",
      "language": "Macedonian",
      "flag": "",
      "country_shape": ""
    },
    {
      "country_id": "NOR",
      "name": "Norway",
      "capital": "Oslo",
      "language": "Norwegian",
      "flag": "",
      "country_shape": ""
    },
    {
      "country_id": "OMN",
      "name": "Oman",
      "capital": "Muscat",
      "language": "Arabic",
      "flag": "",
      "country_shape": ""
    },
    {
      "country_id": "PAK",
      "name": "Pakistan",
      "capital": "Islamabad",
      "language": "Urdu",
      "flag": "",
      "country_shape": ""
    },
    {
      "country_id": "PLW",
      "name": "Palau",
      "capital": "Ngerulmud",
      "language": "Palauan",
      "flag": "",
      "country_shape": ""
    },
    {
      "country_id": "PAN",
      "name": "Panama",
      "capital": "Panama City",
      "language": "Spanish",
      "flag": "",
      "country_shape": ""
    },
    {
      "country_id": "PNG",
      "name": "Papua New Guinea",
      "capital": "Port Moresby",
      "language": "English",
      "flag": "",
      "country_shape": ""
    },
    {
      "country_id": "PRY",
      "name": "Paraguay",
      "capital": "Asuncion",
      "language": "Spanish",
      "flag": "",
      "country_shape": ""
    },
    {
      "country_id": "PER",
      "name": "Peru",
      "capital": "Lima",
      "language": "Spanish",
      "flag": "",
      "country_shape": ""
    },
    {
      "country_id": "PHL",
      "name": "Philippines",
      "capital": "Manila",
      "language": "Filipino",
      "flag": "",
      "country_shape": ""
    },
    {
      "country_id": "POL",
      "name": "Poland",
      "capital": "Warsaw",
      "language": "Polish",
      "flag": "",
      "country_shape": ""
    },
    {
      "country_id": "PRT",
      "name": "Portugal",
      "capital": "Lisbon",
      "language": "Portuguese",
      "flag": "",
      "country_shape": ""
    },
    {
      "country_id": "QAT",
      "name": "Qatar",
      "capital": "Doha",
      "language": "Arabic",
      "flag": "",
      "country_shape": ""
    },
    {
      "country_id": "ROU",
      "name": "Romania",
      "capital": "Bucharest",
      "language": "Romanian",
      "flag": "",
      "country_shape": ""
    },
    {
      "country_id": "RUS",
      "name": "Russia",
      "capital": "Moscow",
      "language": "Russian",
      "flag": "",
      "country_shape": ""
    },
    {
      "country_id": "RWA",
      "name": "Rwanda",
      "capital": "Kigali",
      "language": "Kinyarwanda",
      "flag": "",
      "country_shape": ""
    },
    {
      "country_id": "SAU",
      "name": "Saudi Arabia",
      "capital": "Riyadh",
      "language": "Arabic",
      "flag": "",
      "country_shape": ""
    },
    {
      "country_id": "SEN",
      "name": "Senegal",
      "capital": "Dakar",
      "language": "French",
      "flag": "",
      "country_shape": ""
    },
    {
      "country_id": "SYC",
      "name": "Seychelles",
      "capital": "Victoria",
      "language": "English",
      "flag": "",
      "country_shape": ""
    },
    {
      "country_id": "SLE",
      "name": "Sierra Leone",
      "capital": "Freetown",
      "language": "English",
      "flag": "",
      "country_shape": ""
    },
    {
      "country_id": "SGP",
      "name": "Singapore",
      "capital": "Singapore",
      "language": "Malay",
      "flag": "",
      "country_shape": ""
    },
    {
      "country_id": "SOM",
      "name": "Somalia",
      "capital": "Mogadishu",
      "language": "Somali",
      "flag": "",
      "country_shape": ""
    },
    {
      "country_id": "ZAF",
      "name": "South Africa",
      "capital": "Pretoria",
      "language": "Afrikaans",
      "flag": "",
      "country_shape": ""
    },
    {
      "country_id": "ESP",
      "name": "Spain",
      "capital": "Madrid",
      "language": "Spanish",
      "flag": "",
      "country_shape": ""
    },
    {
      "country_id": "LKA",
      "name": "Sri Lanka",
      "capital": "Sri Jayawardenepura Kotte",
      "language": "Sinhala",
      "flag": "",
      "country_shape": ""
    },
    {
      "country_id": "SDN",
      "name": "Sudan",
      "capital": "Khartoum",
      "language": "Arabic",
      "flag": "",
      "country_shape": ""
    },
    {
      "country_id": "SUR",
      "name": "Suriname",
      "capital": "Paramaribo",
      "language": "Dutch",
      "flag": "",
      "country_shape": ""
    },
    {
      "country_id": "SWE",
      "name": "Sweden",
      "capital": "Stockholm",
      "language": "Swedish",
      "flag": "",
      "country_shape": ""
    },
    {
      "country_id": "CHE",
      "name": "Switzerland",
      "capital": "Bern",
      "language": "German",
      "flag": "",
      "country_shape": ""
    },
    {
      "country_id": "SYR",
      "name": "Syria",
      "capital": "Damascus",
      "language": "Arabic",
      "flag": "",
      "country_shape": ""
    },
    {
      "country_id": "TWN",
      "name": "Taiwan",
      "capital": "Taipei",
      "language": "Chinese",
      "flag": "",
      "country_shape": ""
    },
    {
      "country_id": "TJK",
      "name": "Tajikistan",
      "capital": "Dushanbe",
      "language": "Tajik",
      "flag": "",
      "country_shape": ""
    },
    {
      "country_id": "TZA",
      "name": "Tanzania",
      "capital": "Dodoma",
      "language": "Swahili",
      "flag": "",
      "country_shape": ""
    },
    {
      "country_id": "THA",
      "name": "Thailand",
      "capital": "Bangkok",
      "language": "Thai",
      "flag": "",
      "country_shape": ""
    },
    {
      "country_id": "TGO",
      "name": "Togo",
      "capital": "Lome",
      "language": "French",
      "flag": "",
      "country_shape": ""
    },
    {
      "country_id": "TON",
      "name": "Tonga",
      "capital": "Nukuʻalofa",
      "language": "Tongan",
      "flag": "",
      "country_shape": ""
    },
    {
      "country_id": "TTO",
      "name": "Trinidad and Tobago",
      "capital": "Port of Spain",
      "language": "English",
      "flag": "",
      "country_shape": ""
    },
    {
      "country_id": "TUN",
      "name": "Tunisia",
      "capital": "Tunis",
      "language": "Arabic",
      "flag": "",
      "country_shape": ""
    },
    {
      "country_id": "TUR",
      "name": "Turkey",
      "capital": "Ankara",
      "language": "Turkish",
      "flag": "",
      "country_shape": ""
    },
    {
      "country_id": "TKM",
      "name": "Turkmenistan",
      "capital": "Ashgabat",
      "language": "Turkmen",
      "flag": "",
      "country_shape": ""
    },
    {
      "country_id": "UGA",
      "name": "Uganda",
      "capital": "Kampala",
      "language": "Swahili",
      "flag": "",
      "country_shape": ""
    },
    {
      "country_id": "UKR",
      "name": "Ukraine",
      "capital": "Kyiv",
      "language": "Ukrainian",
      "flag": "",
      "country_shape": ""
    },
    {
      "country_id": "ARE",
      "name": "United Arab Emirates",
      "capital": "Abu Dhabi",
      "language": "Arabic",
      "flag": "",
      "country_shape": ""
    },
    {
      "country_id": "GBR",
      "name": "United Kingdom",
      "capital": "London",
      "language": "English",
      "flag": "",
      "country_shape": ""
    },
    {
      "country_id": "USA",
      "name": "United States",
      "capital": "Washington, D.C.",
      "language": "English",
      "flag": "",
      "country_shape": ""
    },
    {
      "country_id": "URY",
      "name": "Uruguay",
      "capital": "Montevideo",
      "language": "Spanish",
      "flag": "",
      "country_shape": ""
    },
    {
      "country_id": "UZB",
      "name": "Uzbekistan",
      "capital": "Tashkent",
      "language": "Uzbek",
      "flag": "",
      "country_shape": ""
    },
    {
      "country_id": "VUT",
      "name": "Vanuatu",
      "capital": "Port Vila",
      "language": "Bislama",
      "flag": "",
      "country_shape": ""
    },
    {
      "country_id": "VEN",
      "name": "Venezuela",
      "capital": "Caracas",
      "language": "Spanish",
      "flag": "",
      "country_shape": ""
    },
    {
      "country_id": "VNM",
      "name": "Vietnam",
      "capital": "Hanoi",
      "language": "Vietnamese",
      "flag": "",
      "country_shape": ""
    },
    {
      "country_id": "YEM",
      "name": "Yemen",
      "capital": "Sana'a",
      "language": "Arabic",
      "flag": "",
      "country_shape": ""
    },
    {
      "country_id": "ZMB",
      "name": "Zambia",
      "capital": "Lusaka",
      "language": "English",
      "flag": "",
      "country_shape": ""
    },
    {
      "country_id": "ZWE",
      "name": "Zimbabwe",
      "capital": "Harare",
      "language": "English",
      "flag": "",
      "country_shape": ""
    }
  ]
}